{"cameraMode":{"drawMode":0,"name":"Shaded","section":"Shading Mode"},"sceneLighting":false,"audioPlay":false,"sceneViewState":{"m_AlwaysRefresh":false,"showFog":true,"showSkybox":false,"showFlares":true,"showImageEffects":true,"showParticleSystems":true,"showVisualEffectGraphs":true,"m_FxEnabled":true},"in2DMode":false,"pivot":{"x":0.23982179164886475,"y":2.5563831329345705,"z":1.2771577835083008},"rotation":{"x":0.09713151305913925,"y":0.10281729698181153,"z":-0.010088643990457058,"w":0.9898968935012817},"size":2.884270668029785,"orthographic":false}