{"cameraMode":{"drawMode":0,"name":"Shaded","section":"Shading Mode"},"sceneLighting":true,"audioPlay":false,"sceneViewState":{"m_AlwaysRefresh":false,"showFog":true,"showSkybox":true,"showFlares":true,"showImageEffects":true,"showParticleSystems":true,"showVisualEffectGraphs":true,"m_FxEnabled":true},"in2DMode":false,"pivot":{"x":0.8430788516998291,"y":1.2330092191696168,"z":2.768442392349243},"rotation":{"x":0.02721572481095791,"y":-0.9596930742263794,"z":0.26127803325653078,"w":0.09996794164180756},"size":1.6704684495925904,"orthographic":false}