{"cameraMode":{"drawMode":0,"name":"Shaded","section":"Shading Mode"},"sceneLighting":true,"audioPlay":false,"sceneViewState":{"m_AlwaysRefresh":false,"showFog":true,"showSkybox":true,"showFlares":true,"showImageEffects":true,"showParticleSystems":true,"showVisualEffectGraphs":true,"m_FxEnabled":true},"in2DMode":false,"pivot":{"x":1.8601958751678467,"y":2.0310964584350588,"z":-1.9917492866516114},"rotation":{"x":0.07343355566263199,"y":0.0029913904145359995,"z":-0.0002209476806456223,"w":0.99729984998703},"size":3.7491395473480226,"orthographic":true}